<application>
  <component name="PropertiesComponent">
    <property name="ColorChooser.RecentColors" value="214-223-148-255,,,0-0-0-255" />
    <property name="CommitChangeListDialog.DETAILS_SPLITTER_PROPORTION_2" value="0.6098901" />
    <property name="Default.SavedEditorTheme" value="_@user_Darcula" />
    <property name="PACKAGE_FILTER" value="pyqt" />
    <property name="PyCharm.InitialConfiguration" value="true" />
    <property name="PyCharm.InitialConfiguration.V2" value="true" />
    <property name="PyCharm.InitialConfiguration.V3" value="true" />
    <property name="PyCharm.InitialConfiguration.V4" value="true" />
    <property name="PyCharm.InitialConfiguration.V5" value="true" />
    <property name="PyCharm.InitialConfiguration.V6" value="true" />
    <property name="PyCharm.InitialConfiguration.V7" value="true" />
    <property name="PyCharm.initialConfigurationShown" value="true" />
    <property name="Vcs.Push.Splitter.Proportion" value="0.6666666" />
    <property name="file.chooser.recent.files" value="D:/myfiles/tempTest" />
    <property name="file.gist.reindex.count" value="8029" />
    <property name="fileTypeChangedCounter" value="1" />
    <property name="lastTip" value="1" />
    <property name="selected.color.option.type" value="TEXT" />
    <property name="settings.code.style.selected.tab.Python" value="Spaces" />
  </component>
  <component name="PyTestFrameworkService">
    <option name="SDK_TO_PYTEST">
      <map>
        <entry key="C:\Users\Onego\AppData\Local\Programs\Python\Python37\python.exe" value="false" />
      </map>
    </option>
    <option name="SDK_TO_NOSETEST">
      <map>
        <entry key="C:\Users\Onego\AppData\Local\Programs\Python\Python37\python.exe" value="false" />
      </map>
    </option>
    <option name="SDK_TO_TRIALTEST">
      <map>
        <entry key="C:\Users\Onego\AppData\Local\Programs\Python\Python37\python.exe" value="false" />
      </map>
    </option>
  </component>
</application>